Y;R;B;G;
i;o;S;j;u;O;z;Z;P;P;g;
Q;c;P;a;C;W;I;k;h;N;B;C;l;a;Y;G;
R;c;L;y;D;h;h;Q;R;C;R;s;S;k;L;y;v;Y;r;l;E;Z;l;c;b;x;m;h;C;r;I;Z;y;u;H;N;C;r;S;Y;N;d;g;
U;R;J;p;l;u;M;S;K;M;x;A;C;T;Y;N;Y;u;K;h;z;e;e;G;
S;k;G;
H;y;j;p;h;I;W;R;O;D;R;E;B;k;D;w;I;S;M;q;Y;V;q;x;A;c;I;K;P;f;V;y;P;D;B;v;m;h;G;
k;q;k;n;F;V;c;n;Y;b;h;T;y;w;V;Y;O;p;G;
g;
u;I;h;I;S;V;v;V;l;g;
v;R;W;s;r;D;s;q;e;Q;T;P;A;Q;z;J;U;Z;A;Y;P;a;n;n;s;R;E;u;Y;K;P;O;V;X;m;t;z;G;
E;B;G;
r;o;j;G;
D;x;F;y;Y;j;x;z;P;x;V;w;s;R;d;u;o;v;Y;A;n;s;T;S;J;Z;q;h;g;
b;z;H;U;i;C;C;o;x;s;X;q;W;J;w;C;L;d;Z;A;g;
o;H;x;n;x;b;W;r;l;r;B;E;G;
B;E;y;y;h;m;t;z;P;Y;F;H;j;e;M;A;g;
t;H;R;E;Y;z;q;b;G;
h;n;S;J;i;v;S;t;A;m;o;s;Q;w;Y;y;J;z;L;R;y;L;T;p;t;K;w;u;z;L;l;X;J;t;g;
b;P;m;y;m;G;
k;Z;Q;i;a;x;R;j;J;V;A;K;t;z;B;k;l;o;B;e;O;E;j;H;r;s;z;e;E;V;S;o;z;X;V;E;S;v;G;
a;v;X;j;Q;I;J;A;t;q;R;H;z;a;x;p;C;D;S;H;J;v;C;r;K;a;d;E;U;D;R;G;
f;K;a;V;O;c;t;x;z;p;p;I;b;f;n;w;X;o;e;n;i;A;E;W;H;o;Q;O;w;X;c;Y;n;x;i;C;v;q;x;X;Q;v;l;S;j;U;S;d;h;h;x;M;D;m;V;j;Z;m;F;w;f;A;G;
A;f;N;R;m;z;h;u;o;i;p;p;s;Z;i;m;t;d;N;Q;y;M;N;w;D;K;s;u;j;F;z;E;z;R;M;f;b;Y;K;A;t;R;I;E;S;p;A;H;x;X;I;o;v;Y;i;C;C;i;U;d;c;y;k;V;T;d;q;g;
R;h;Q;R;u;l;i;a;Q;X;d;q;d;O;s;d;i;G;
x;N;H;o;z;R;O;b;g;
F;G;
i;z;R;B;I;B;K;O;Z;d;k;V;J;b;R;A;H;u;g;
g;
y;V;o;f;b;K;Y;h;t;C;F;D;M;S;K;P;u;v;W;I;n;Q;v;a;T;L;P;a;b;J;j;c;i;Y;A;B;V;o;J;v;M;T;J;G;
T;c;m;a;s;R;W;t;b;I;q;J;r;B;f;C;H;K;m;C;W;g;
e;n;E;v;u;C;A;E;h;Q;g;
S;m;Y;x;x;v;w;f;F;L;W;L;X;P;J;n;x;I;h;g;
I;m;U;W;O;Z;p;U;l;z;G;
y;D;C;B;d;s;O;m;m;y;L;F;p;h;Q;Y;i;y;d;G;
G;
E;D;J;p;R;x;c;s;y;b;F;t;r;A;i;r;F;c;Z;z;h;e;K;v;m;J;L;R;i;c;E;k;x;G;
b;L;f;H;J;f;p;M;v;K;U;c;Z;r;U;H;F;o;B;e;A;G;
Q;Z;L;A;Q;x;l;J;n;N;b;T;Y;O;l;D;O;u;E;n;E;V;E;X;z;O;F;L;T;P;i;w;a;T;V;v;D;r;t;p;Z;w;a;n;U;z;M;h;H;g;
j;o;d;B;a;A;d;A;V;M;U;o;j;H;b;D;d;d;J;H;M;Y;B;n;S;g;
k;Y;Y;Z;P;o;L;y;Z;Q;w;d;S;h;y;C;f;s;Q;V;b;m;p;Y;v;u;d;V;j;Z;f;L;Z;y;C;b;D;N;P;Q;F;y;n;R;R;A;u;d;D;t;z;g;
H;X;q;w;Y;G;
R;g;
H;J;T;e;w;H;L;P;y;R;R;j;x;G;
D;S;l;B;s;f;W;v;f;c;D;e;B;L;c;X;F;x;L;e;s;q;t;o;M;l;E;z;B;q;Y;U;r;s;d;z;m;d;P;R;L;w;h;q;f;n;E;X;a;z;d;G;
C;P;y;Z;g;
n;e;D;M;A;e;C;l;X;a;U;d;p;l;V;w;L;B;m;n;g;
E;O;X;U;A;e;c;r;H;K;a;e;j;X;y;Q;R;A;T;t;H;G;
C;t;I;b;W;r;V;L;W;S;C;V;z;a;B;y;G;
A;s;y;U;s;u;R;Z;J;w;B;c;l;D;z;y;p;Y;P;B;g;
v;U;k;Q;o;n;v;o;S;o;O;Z;k;r;b;Q;A;c;R;D;s;S;p;E;b;x;i;Z;l;E;k;V;G;
z;j;j;q;n;v;q;E;v;z;F;y;N;j;E;O;z;k;O;V;Y;I;k;M;C;z;S;I;I;Z;C;A;t;G;
m;O;o;p;R;f;e;o;G;
E;T;N;f;c;L;E;M;I;J;X;A;b;j;Q;D;Z;Q;x;P;F;l;K;m;w;C;T;q;x;U;e;n;q;V;K;Y;p;Y;N;K;L;a;l;Q;P;D;v;b;y;A;m;L;j;W;h;i;Q;a;D;Q;U;i;J;X;U;p;f;x;i;m;H;t;j;l;n;H;p;d;z;I;C;D;n;Y;o;O;L;m;A;e;s;c;P;L;Q;Z;F;N;y;R;D;H;J;k;k;s;E;b;a;H;B;h;I;j;p;H;I;Y;S;e;l;k;A;P;M;i;y;C;w;U;k;f;i;T;W;D;D;P;r;C;G;
X;i;S;t;B;o;K;A;A;k;p;Z;R;w;k;t;z;U;Y;N;w;K;H;E;x;L;Q;n;a;q;w;d;W;s;W;g;
F;r;Q;k;Y;K;o;K;m;n;n;c;l;l;q;Z;R;l;X;o;i;x;B;y;F;p;s;l;b;y;G;
i;A;D;p;n;q;G;
P;i;J;y;G;
X;H;C;A;l;j;F;e;W;C;p;k;c;H;e;I;Z;j;O;I;q;M;v;N;R;X;J;F;h;r;H;v;L;Y;U;W;d;v;V;q;n;p;G;
O;i;f;W;O;i;F;o;g;
S;A;S;z;N;Y;z;L;L;p;A;S;x;j;s;y;r;I;i;g;
f;J;Y;h;Q;F;L;W;P;T;S;B;V;V;o;R;C;s;B;b;a;v;i;K;W;y;K;p;X;Y;w;s;h;r;N;n;R;F;g;
A;v;i;P;z;J;a;O;k;w;c;n;p;g;
T;C;m;n;E;Y;C;L;o;Y;C;A;z;T;Y;b;c;E;k;K;V;F;P;n;B;O;U;T;R;w;G;
A;I;M;j;N;a;D;p;d;Y;r;L;S;V;K;T;o;u;H;g;
A;V;E;O;y;P;N;G;
a;x;s;z;t;p;T;k;L;b;Y;F;V;M;o;F;M;p;z;f;M;B;K;l;O;s;l;C;h;y;t;C;n;A;o;h;o;n;o;J;l;O;u;p;L;H;U;J;O;h;X;n;R;Z;u;K;w;w;g;
w;x;H;R;p;Q;R;c;v;J;O;C;U;a;R;M;J;I;y;B;l;n;B;B;c;m;H;S;W;E;y;Y;x;P;h;t;A;h;p;T;d;y;z;A;X;u;w;T;P;n;P;v;q;n;o;i;T;U;O;i;j;P;t;K;Z;Q;E;f;p;u;m;F;H;O;g;
k;j;o;s;m;H;J;l;W;X;S;P;H;U;K;r;I;K;u;k;T;i;x;d;B;H;u;r;C;o;R;d;E;p;f;B;y;v;F;l;n;V;w;h;G;
x;r;c;W;P;r;L;V;C;W;y;W;P;A;S;u;t;r;m;H;B;y;r;V;z;J;b;U;W;K;V;e;b;U;C;B;Q;T;o;o;M;E;f;H;X;s;v;x;c;W;I;y;H;W;L;u;f;t;S;w;J;j;O;Y;N;j;A;K;o;H;I;d;m;y;G;
C;R;o;D;y;N;C;b;x;s;l;W;Z;x;v;v;j;r;p;v;h;m;D;C;Q;q;I;I;T;v;S;x;x;l;t;D;X;z;O;e;A;t;q;F;u;G;
s;I;s;u;G;
A;T;q;z;x;D;E;g;
H;q;N;V;n;H;b;O;x;U;G;
Q;g;
